{
    "camera_data": 
    {
        "location_worldframe": [ 0, 0, 0 ],
        "quaternion_xyzw_worldframe": [ 0, 0, 0, 1 ]
    },
    "objects": [ 
        {
            "class": "obj_000005",
            "instance_id": 0,
            "visibility": 0.9470870206489675,
            "px_count_all": 10848,
            "px_count_valid": 10400,
            "px_count_visib": 10274,
            "location": [ -175.44139576, -101.72658513, 661.44157866 ],
            "quaternion_xyzw": [0.1652746253245434,-0.9725859784080431,0.1625782892775865,0.01814146310182542],
            "pose_transform": [ 
                [ -0.94908044, -0.31725379, 0.08934457, 0 ], 
                [ -0.32867447, 0.89641569, -0.31177603, 0 ], 
                [ 0.01833421, -0.32361076, -0.95082856, 0 ], 
                [ -175.44139576, -101.72658513, 661.44157866, 1 ]
             ],
            "cuboid_centroid": [-175.7280891282241,-101.7107657082656,661.2417185823689],
            "projected_cuboid_centroid": [173.1400848092722,153.8236315819163],
            "bounding_box": 
            {
                "top_left": [ 116, 83 ],
                "bottom_right": [ 225, 227 ]
            },
            "bounding_box_visible": 
            {
                "top_left": [ 116, 83 ],
                "bottom_right": [ 224, 227 ]
            },
            "cuboid": [ 
                [ -222.636350139945, -219.3318906330201, 680.2965126750767 ], 
                [ -230.4740285915353, -70.57194788880413, 797.2555902359563 ], 
                [ -225.6295771908426, -122.8719020619724, 557.3723164792972 ], 
                [ -233.4672556424328, 25.88804068224348, 674.3313940401769 ], 
                [ -121.6925700583123, -214.7949028844706, 681.3814566348017 ], 
                [ -129.5302485099025, -66.03496014025463, 798.3405341956815 ], 
                [ -124.6857971092098, -118.3349143134229, 558.4572604390223 ], 
                [ -132.5234755608001, 30.42502843079301, 675.416337999902 ]
             ],
            "projected_cuboid": [ 
                [ 137.931630423013, 57.12626222000327 ], 
                [ 159.7859838823748, 191.2773391113068 ], 
                [ 93.54355978015765, 115.6062377912596 ], 
                [ 127.0806210284387, 264.0687487672853 ], 
                [ 223.0302369226516, 61.23983587697369 ], 
                [ 232.3877111188993, 194.6059517721615 ], 
                [ 197.4597860242606, 120.5116540301792 ], 
                [ 212.9482287963509, 267.8862338716676 ]
             ],
            "keypoints_2d": [ 
                [ 173.4242058876426, 153.8351869351863 ], 
                [ 169.6539595671896, 223.5478513435721 ], 
                [ 149.0747975722792, 119.9653132857316 ], 
                [ 208.1561534534289, 160.570675258546 ], 
                [ 136.562171916402, 225.2265049047853 ], 
                [ 212.3359107432675, 92.6307307464173 ], 
                [ 214.498502036228, 198.5445733460683 ], 
                [ 148.9767703666097, 167.2302798230684 ], 
                [ 118.4710323548155, 127.8560411366296 ]
             ],
            "keypoints_3d": [ 
                [ -175.4563156890458, -101.7301677925423, 661.4544896320746 ], 
                [ -200.2509511956872, -23.76101808034485, 736.6366800805604 ], 
                [ -173.9607390708442, -120.297949282043, 565.1807707209667 ], 
                [ -154.7975382695579, -107.4861155894488, 756.6535676799357 ], 
                [ -212.4856263946022, -18.9047873910732, 644.5674923522969 ], 
                [ -135.9479448037961, -179.5175914997336, 689.1124462527672 ], 
                [ -136.5404684929319, -53.52086521175502, 705.6291759449211 ], 
                [ -223.2129652080893, -94.5447561952445, 724.7929874347303 ], 
                [ -222.0461775392155, -122.3698520949054, 614.641528953679 ]
             ]
        }, 
        {
            "class": "obj_000006",
            "instance_id": 0,
            "visibility": 0.1561444531047025,
            "px_count_all": 3849,
            "px_count_valid": 350,
            "px_count_visib": 601,
            "location": [ -172.74486612, -370.07226355, 804.09768343 ],
            "quaternion_xyzw": [-0.4993623397104374,0.8622069392449061,-0.08222595665879855,0.02180228539382797],
            "pose_transform": [ 
                [ -0.50042, -0.86480912, 0.04455208, 0 ], 
                [ -0.85764106, 0.48779465, -0.16360422, 0 ], 
                [ 0.11972778, -0.12000123, -0.98564659, 0 ], 
                [ -172.74486612, -370.07226355, 804.09768343, 1 ]
             ],
            "cuboid_centroid": [-172.4127327253416,-367.6709464875813,803.4777586017608],
            "projected_cuboid_centroid": [202.4312983526165,-20.41649907884956],
            "bounding_box": 
            {
                "top_left": [ 163, -53 ],
                "bottom_right": [ 248, 21 ]
            },
            "bounding_box_visible": 
            {
                "top_left": [ 166, 0 ],
                "bottom_right": [ 246, 21 ]
            },
            "cuboid": [ 
                [ -138.3532498151829, -421.0654264535624, 872.4509734765303 ], 
                [ -246.9314220176383, -369.2574985075224, 859.0779490751528 ], 
                [ -126.8238508586119, -427.8135970006375, 752.6639465392142 ], 
                [ -235.4020230610673, -376.0056690545975, 739.2909221378368 ], 
                [ -110.3662113548421, -362.5742176879352, 871.8462691803126 ], 
                [ -218.9443835572974, -310.7662897418952, 858.4732447789351 ], 
                [ -98.83681239827109, -369.3223882350103, 752.0592422429964 ], 
                [ -207.4149846007265, -317.5144602889703, 738.6862178416191 ]
             ],
            "projected_cuboid": [ 
                [ 234.4881169569718, -34.76963368350031 ], 
                [ 160.7284622652348, -4.488803721389065 ], 
                [ 228.809797453669, -83.96799263850329 ], 
                [ 142.9961789137716, -49.67071982469808 ], 
                [ 252.8000712756167, 3.518577818844542 ], 
                [ 179.2737184754398, 34.417179083559 ], 
                [ 250.0338905215321, -39.62084281369874 ], 
                [ 164.5342597684467, -4.492641778772565 ]
             ],
            "keypoints_2d": [ 
                [ 202.2868324395485, -21.93648588085098 ], 
                [ 235.0381946773979, -29.85245210785529 ], 
                [ 165.8127537954271, -0.312123062672192 ], 
                [ 180.0345395873151, -8.604719738931534 ], 
                [ 238.1561531468882, -49.68311841327457 ], 
                [ 183.6233717917223, -51.61778846985727 ], 
                [ 205.2402270913059, 19.23571242066918 ], 
                [ 240.9579488812377, 6.19448937968699 ], 
                [ 165.3444778639006, -31.07152780320008 ]
             ],
            "keypoints_3d": [ 
                [ -172.7501632385475, -370.0886584000909, 804.1045069936785 ], 
                [ -136.8963740662475, -411.725882652732, 868.5271755990974 ], 
                [ -213.6548675681484, -324.0986572575971, 767.0100366208187 ], 
                [ -217.593372216768, -374.7962776265551, 857.6456432444858 ], 
                [ -120.4605952485695, -402.6316737935281, 791.6085189437632 ], 
                [ -184.32190690981, -381.3944267466146, 744.9142408565392 ], 
                [ -178.6342402032924, -330.9561944882874, 851.9541063535786 ], 
                [ -127.0737278465534, -354.7951311309601, 862.8200665642278 ], 
                [ -218.4672552224589, -372.3647765962504, 781.9896752797633 ]
             ]
        }, 
        {
            "class": "obj_000008",
            "instance_id": 0,
            "visibility": 0.8297926150733435,
            "px_count_all": 15816,
            "px_count_valid": 14351,
            "px_count_visib": 13124,
            "location": [ -20.66961306, -186.34999299, 690.4382540399999 ],