{
    "camera_data": 
    {
        "location_worldframe": [ 0, 0, 0 ],
        "quaternion_xyzw_worldframe": [ 0, 0, 0, 1 ]
    },
    "objects": [ 
        {
            "class": "obj_000005",
            "instance_id": 0,
            "visibility": 0.95285726711316,
            "px_count_all": 11497,
            "px_count_valid": 10782,
            "px_count_visib": 10955,
            "location": [ -221.18730253, -65.16698182, 649.1608969 ],
            "quaternion_xyzw": [0.05283703668354121,-0.983891724229717,0.1704902222019687,0.009920014128013903],
            "pose_transform": [ 
                [ -0.9988576, -0.10125679, 0.03761662, 0 ], 
                [ -0.10767271, 0.94034982, -0.33606748, 0 ], 
                [ -0.00168415, -0.33793138, -0.94601012, 0 ], 
                [ -221.18730253, -65.16698182, 649.1608969, 1 ]
             ],
            "cuboid_centroid": [-221.4524423904482,-65.09294477284924,648.9450111143151],
            "projected_cuboid_centroid": [129.925747372093,184.516552453065],
            "bounding_box": 
            {
                "top_left": [ 65, 110 ],
                "bottom_right": [ 191, 264 ]
            },
            "bounding_box_visible": 
            {
                "top_left": [ 65, 110 ],
                "bottom_right": [ 191, 264 ]
            },
            "cuboid": [ 
                [ -293.8757129928214, -169.2947535367352, 666.121950876407 ], 
                [ -275.308680054656, -20.19164889796493, 781.4210735883576 ], 
                [ -269.1106319531379, -76.86151316747728, 542.5635860477664 ], 
                [ -250.5435990149724, 72.24159147129295, 657.862708759717 ], 
                [ -194.5867037887367, -186.8229960232228, 672.8927149526762 ], 
                [ -176.0196708505712, -37.71989138445252, 788.1918376646267 ], 
                [ -169.8216227490531, -94.38975565396488, 549.3343501240356 ], 
                [ -151.2545898108876, 54.71334898480535, 664.6334728359861 ]
             ],
            "projected_cuboid": [ 
                [ 72.72804943936713, 96.27618600359529 ], 
                [ 123.590282167342, 227.228129477731 ], 
                [ 41.34600220790677, 160.7949355599378 ], 
                [ 107.2611885236669, 305.0342301304116 ], 
                [ 159.7315214178786, 82.80199002250086 ], 
                [ 197.4296998200024, 214.6000704767565 ], 
                [ 148.3054211750575, 143.4948531144851 ], 
                [ 194.9940354469008, 289.2659304439537 ]
             ],
            "keypoints_2d": [ 
                [ 130.2140063088408, 184.4713388544783 ], 
                [ 141.1052839224821, 256.1447897085997 ], 
                [ 99.07298564263027, 153.4640800433911 ], 
                [ 165.9595942470673, 185.5219698114296 ], 
                [ 108.6372587814994, 263.3609214793594 ], 
                [ 155.7963026702104, 116.1639109036259 ], 
                [ 181.0521580866076, 220.8008619818415 ], 
                [ 107.8216339159352, 204.4261216030654 ], 
                [ 68.99549143285161, 169.3334826936492 ]
             ],
            "keypoints_3d": [ 
                [ -221.2033170050939, -65.16698321480382, 649.1729662581937 ], 
                [ -232.3748307463643, 17.75067563582391, 722.2905310593011 ], 
                [ -218.6239315568829, -85.4494337299796, 553.2688182645088 ], 
                [ -207.4515730351293, -73.46398196549799, 745.4270114521779 ], 
                [ -238.283272174662, 23.39546249006197, 629.6447364927924 ], 
                [ -201.1866876260969, -149.147343317142, 679.5603295786844 ], 
                [ -175.1302909770421, -25.75201840897141, 695.1481212640832 ], 
                [ -269.5728974795753, -46.54909887168932, 709.6531389967786 ], 
                [ -268.5895913284581, -76.05843954687106, 599.9390431567239 ]
             ]
        }, 
        {
            "class": "obj_000006",
            "instance_id": 0,
            "visibility": 0.735844350212023,
            "px_count_all": 4009,
            "px_count_valid": 2769,
            "px_count_visib": 2950,
            "location": [ -284.8485533, -324.88964667, 793.58696757 ],
            "quaternion_xyzw": [-0.3993772828761574,0.9103039882694528,-0.1036019567951599,0.03333270783179771],
            "pose_transform": [ 
                [ -0.67889351, -0.73410818, 0.02208961, 0 ], 
                [ -0.72030684, 0.65959528, -0.2152886, 0 ], 
                [ 0.1434585, -0.16198257, -0.9764305, 0 ], 
                [ -284.8485533, -324.88964667, 793.58696757, 1 ]
             ],
            "cuboid_centroid": [-283.9670600820293,-322.6305192294292,792.9703178859932],
            "projected_cuboid_centroid": [120.2774092500418,8.684232869012206],
            "bounding_box": 
            {
                "top_left": [ 79, -29 ],
                "bottom_right": [ 169, 51 ]
            },
            "bounding_box_visible": 
            {
                "top_left": [ 79, 0 ],
                "bottom_right": [ 169, 51 ]
            },
            "cuboid": [ 
                [ -266.1534845451993, -380.8325915299968, 864.1287897743231 ], 
                [ -359.9126030351304, -306.893971575907, 844.2690796988868 ], 
                [ -249.9510138285391, -392.2144682975126, 745.2366301002379 ], 
                [ -343.7101323184702, -318.2758483434229, 725.3769200248015 ], 
                [ -226.0747891686678, -329.8598337179976, 864.7074836376275 ], 
                [ -319.8339076585989, -255.9212137639079, 844.8477735621913 ], 
                [ -209.8723184520076, -341.2417104855135, 745.8153239635424 ], 
                [ -303.6314369419388, -267.3030905314237, 725.9556138881061 ]
             ],
            "projected_cuboid": [ 
                [ 148.9571849977194, -10.73082229964711 ], 
                [ 81.24164940675942, 33.55467050652629 ], 
                [ 133.2753548310204, -59.8183795673911 ], 
                [ 54.03162935751821, -9.61826071251248 ], 
                [ 175.6061137515257, 23.24916434167667 ], 
                [ 108.5633935263111, 68.30308544991706 ], 
                [ 164.1846193131645, -20.38347595812655 ], 
                [ 85.84963657306993, 30.8554326483395 ]
             ],
            "keypoints_2d": [ 
                [ 119.7960168082703, 7.224092063987118 ], 
                [ 150.6005499457209, -6.061302306913578 ], 
                [ 87.86675393445242, 35.24723778492815 ], 
                [ 99.92697622874367, 25.59426433300554 ], 
                [ 149.8495051621546, -27.28041404263561 ], 
                [ 94.8536388910094, -19.40461124347381 ], 
                [ 131.4871885082018, 47.94630739402047 ], 
                [ 164.4136085697012, 28.10574145951617 ], 
                [ 80.56369098565258, 5.147793354046137 ]
             ],
            "keypoints_3d": [ 
                [ -284.8576628442239, -324.9043617184427, 793.5935929183389 ], 
                [ -262.4828331925137, -372.1108924690575, 860.2295479832209 ], 
                [ -312.6729636857989, -271.8289414946113, 753.925153870848 ], 
                [ -332.4593913714032, -318.713334144422, 844.5393998613183 ], 
                [ -240.3448553524323, -368.2831289469798, 784.304682152066 ], 
                [ -295.4188710481839, -334.5475431444864, 733.9221080306934 ], 
                [ -284.6165709348205, -284.5233638348228, 840.7621468635919 ], 
                [ -240.1693588986744, -318.8037443840686, 854.6958223707579 ], 
                [ -328.7106629461996, -317.5946638067671, 768.9404294465984 ]
             ]
        }, 
        {
            "class": "obj_000008",
            "instance_id": 0,
            "visibility": 0.7907048703508881,
            "px_count_all": 16159,
            "px_count_valid": 14001,
            "px_count_visib": 12777,
            "location": [ -90.42698363, -180.88629278, 687.46203898 ],
            "quaternion_xyzw": [0.9373450310748513,-0.2971510411050046,0.06020909310163824,0.1716403699523396],