{
    "camera_data": 
    {
        "location_worldframe": [ 0, 0, 0 ],
        "quaternion_xyzw_worldframe": [ 0, 0, 0, 1 ]
    },
    "objects": [ 
        {
            "class": "obj_000005",
            "instance_id": 0,
            "visibility": 0.9439410534700786,
            "px_count_all": 10043,
            "px_count_valid": 9691,
            "px_count_visib": 9480,
            "location": [ -197.03002923, -47.81880781, 678.9706325 ],
            "quaternion_xyzw": [0.09036177908319115,-0.9841400578067159,0.1503655113088064,0.02633075217224419],
            "pose_transform": [ 
                [ -0.98685734, -0.17092582, 0.07926587, 0 ], 
                [ -0.18644377, 0.94254257, -0.29264917, 0 ], 
                [ -0.02494881, -0.3019628, -0.95777464, 0 ], 
                [ -197.03002923, -47.81880781, 678.9706325, 1 ]
             ],
            "cuboid_centroid": [-197.3096770287615,-47.75520207528969,678.7702855387613],
            "projected_cuboid_centroid": [158.8685650469778,201.6951731452747],
            "bounding_box": 
            {
                "top_left": [ 99, 130 ],
                "bottom_right": [ 215, 277 ]
            },
            "bounding_box_visible": 
            {
                "top_left": [ 99, 130 ],
                "bottom_right": [ 215, 277 ]
            },
            "cuboid": [ 
                [ -261.6887944041729, -157.2485464999782, 695.0408360987115 ], 
                [ -247.5615405868755, -11.5975298610099, 815.2763440399693 ], 
                [ -249.1752844281895, -58.81830354665855, 574.2983088011156 ], 
                [ -235.0480306108921, 86.83271309230975, 694.5338167423735 ], 
                [ -161.2389832989558, -168.1568208500574, 696.5411499371597 ], 
                [ -147.1117294816584, -22.50580421108906, 816.7766578784177 ], 
                [ -148.7254733229724, -69.72657789673771, 575.7986226395639 ], 
                [ -134.598219505675, 75.92443874223059, 696.0341305808219 ]
             ],
            "projected_cuboid": [ 
                [ 109.743332713114, 112.2823464469037 ], 
                [ 151.4463572205346, 233.8897931363275 ], 
                [ 76.90450340355694, 183.3052341154416 ], 
                [ 131.5424227723213, 313.7584955501048 ], 
                [ 192.7563195242757, 103.5793819214223 ], 
                [ 222.1626210991102, 226.2445914850124 ], 
                [ 177.4105268079277, 172.592236033961 ], 
                [ 214.5688912710139, 304.6149060428673 ]
             ],
            "keypoints_2d": [ 
                [ 159.1435877524799, 201.6528012048531 ], 
                [ 166.0854466118052, 265.8535149487736 ], 
                [ 130.859304025829, 178.7054342638153 ], 
                [ 193.5482116777133, 198.5440637556395 ], 
                [ 134.7567128718468, 276.6295738722723 ], 
                [ 187.2267130202773, 135.2319867399582 ], 
                [ 205.5111134757042, 236.4540808434165 ], 
                [ 137.4467554820608, 215.1433236782996 ], 
                [ 102.3703558497197, 187.461477524617 ]
             ],
            "keypoints_3d": [ 
                [ -197.0454039107292, -47.82035601539438, 678.9834135491024 ], 
                [ -210.176355521167, 31.36810302962817, 755.8149713848856 ], 
                [ -197.7680180520834, -64.31018336263003, 582.3231597276967 ], 
                [ -178.1203330603795, -58.71447510639189, 774.0936404498092 ], 
                [ -220.9327311374982, 40.02293398401303, 663.8399033360096 ], 
                [ -170.0112938690037, -131.2962712132718, 705.0156476854104 ], 
                [ -151.5353788627863, -7.065666359893712, 724.3472912356389 ], 
                [ -243.5625504835413, -34.82146406961249, 742.3180634455636 ], 
                [ -245.9285277596483, -60.10792016225082, 631.5753191614177 ]
             ]
        }, 
        {
            "class": "obj_000006",
            "instance_id": 0,
            "visibility": 0.9395348837209302,
            "px_count_all": 3655,
            "px_count_valid": 3280,
            "px_count_visib": 3434,
            "location": [ -236.11462607, -316.47237471, 815.59073234 ],
            "quaternion_xyzw": [-0.4316301141267621,0.8986047033589051,-0.07532395444625221,0.02305067388929817],
            "pose_transform": [ 
                [ -0.6264413599999999, -0.77930291, 0.02362138, 0 ], 
                [ -0.77236804, 0.61610373, -0.15530959, 0 ], 
                [ 0.10646431, -0.11545739, -0.98770968, 0 ], 
                [ -236.11462607, -316.47237471, 815.59073234, 1 ]
             ],
            "cuboid_centroid": [-235.4170214529406,-314.1367600331779,815.0257624058787],
            "projected_cuboid_centroid": [159.9222934867891,20.97676769482563],
            "bounding_box": 
            {
                "top_left": [ 121, -14 ],
                "bottom_right": [ 206, 60 ]
            },
            "bounding_box_visible": 
            {
                "top_left": [ 121, 0 ],
                "bottom_right": [ 206, 60 ]
            },
            "cuboid": [ 
                [ -210.3250361123532, -373.5750008172135, 882.8919134922422 ], 
                [ -309.6684838669415, -305.5636373040718, 870.3444141601041 ], 
                [ -199.1802353772113, -379.4041894864116, 763.0201923102891 ], 
                [ -298.5236831317997, -311.3928259732699, 750.472692978151 ], 
                [ -173.7618554848245, -320.0271987820051, 883.6840111597536 ], 
                [ -273.1053032394128, -252.0158352688634, 871.1365118276155 ], 
                [ -162.6170547496826, -325.8563874512032, 763.8122899778006 ], 
                [ -261.9605025042709, -257.8450239380615, 751.2647906456624 ]
             ],
            "projected_cuboid": [ 
                [ 188.8996195783306, -0.6438816658386727 ], 
                [ 121.5971624802655, 40.67782705642978 ], 
                [ 175.8377445847417, -43.15319245944855 ], 
                [ 97.56679347364023, 4.058029418035941 ], 
                [ 212.705858863375, 34.32978754867686 ], 
                [ 145.8074933009482, 76.11767035101354 ], 
                [ 203.3936501114314, -2.646716943999734 ], 
                [ 125.6654582898357, 45.19126008241582 ]
             ],
            "keypoints_2d": [ 
                [ 159.543073551437, 19.47819581572531 ], 
                [ 190.2034514600089, 4.263518939298593 ], 
                [ 127.4744689548042, 47.76113072265557 ], 
                [ 139.8071261665974, 33.79761786758134 ], 
                [ 190.2337100095702, -12.62114786222675 ], 
                [ 136.8409927579777, -4.190805808040747 ], 
                [ 168.7657816517281, 57.58552415311635 ], 
                [ 201.5681697611597, 39.05182357704068 ], 
                [ 122.1346890283381, 16.97332019411868 ]
             ],
            "keypoints_3d": [ 
                [ -236.1223998886119, -316.487915875587, 815.5971706165111 ], 
                [ -207.4388372918083, -364.4833731940505, 879.182753085004 ], 
                [ -269.3129115573672, -264.014285171026, 779.41456370427 ], 
                [ -281.5059262371717, -315.4719795235073, 868.8797442025659 ], 
                [ -189.3125667470056, -356.3338786511079, 802.5384433256642 ], 
                [ -248.8955210176293, -324.6157578825594, 756.1328550589857 ], 
                [ -236.2945894760904, -277.9612863666002, 864.2924159138446 ], 
                [ -189.0325475961177, -309.601606964845, 874.7822935888663 ], 
                [ -281.5092782481673, -311.2980429947756, 793.2947729653112 ]
             ]
        }, 
        {
            "class": "obj_000008",
            "instance_id": 0,
            "visibility": 0.8609122519942729,
            "px_count_all": 14667,
            "px_count_valid": 13586,
            "px_count_visib": 12627,
            "location": [ -57.12534725, -155.62622778, 706.54681167 ],